review,sentiment
The webcam shipping was late and the package arrived damaged.,negative
The smartphone case I am very happy with this purchase.,positive
The mechanical keyboard sound quality is clear and balanced.,positive
The smartphone case the value for money is excellent.,positive
The smartphone case sound quality is distorted.,negative
The Bluetooth speaker setup was quick and easy.,positive
The webcam the design is practical and sturdy.,positive
The fitness tracker takes some time to get used to.,neutral
The desk lamp takes some time to get used to.,neutral
The portable SSD is slow and unreliable.,negative
The USB-C hub has excellent build quality.,positive
The Bluetooth speaker the design is practical and sturdy.,positive
The portable SSD the design is practical and sturdy.,positive
The portable SSD battery drains far too quickly.,negative
The mechanical keyboard works exactly as described.,positive
The Bluetooth speaker it keeps disconnecting.,negative
The Bluetooth speaker feels premium and reliable.,positive
The Bluetooth speaker has both good and bad aspects.,neutral
The webcam feels premium and reliable.,positive
The gaming mouse matches the description but feels ordinary.,neutral
The smartphone case battery drains far too quickly.,negative
The power bank everything works without issues.,positive
The portable SSD takes some time to get used to.,neutral
The gaming mouse everything works without issues.,positive
The mechanical keyboard is fast and responsive.,positive
The Bluetooth speaker it was a waste of money.,negative
The webcam setup was quick and easy.,positive
The fitness tracker sound quality is clear and balanced.,positive
The Bluetooth speaker the design is awkward and flimsy.,negative
The laptop stand takes some time to get used to.,neutral
The smartphone case shipping was late and the package arrived damaged.,negative
The webcam sound quality is distorted.,negative
The fitness tracker has both good and bad aspects.,neutral
The fitness tracker shipping was quick and the product arrived safely.,positive
The gaming mouse the performance is excellent.,positive
The laptop stand the experience is mixed so far.,neutral
The mechanical keyboard it has been a great purchase.,positive
The laptop stand has both good and bad aspects.,neutral
The webcam I regret buying this product.,negative
The webcam setup was confusing and frustrating.,negative
The power bank battery life is impressive.,positive
The desk lamp matches the description but feels ordinary.,neutral
The Bluetooth speaker the performance is disappointing.,negative
The Bluetooth speaker sound quality is distorted.,negative
The Bluetooth speaker matches the description but feels ordinary.,neutral
The webcam I am very happy with this purchase.,positive
The fitness tracker works exactly as described.,positive
The power bank takes some time to get used to.,neutral
The smartphone case the performance is disappointing.,negative
The webcam has poor build quality.,negative
The desk lamp shipping was quick and the product arrived safely.,positive
The power bank the performance is excellent.,positive
The power bank is an average product overall.,neutral
The fitness tracker matches the description but feels ordinary.,neutral
The portable SSD stopped working after a few days.,negative
The smartphone case the value for money is poor.,negative
The smartphone case is an average product overall.,neutral
The portable SSD it was a waste of money.,negative
The laptop stand battery life is impressive.,positive
The webcam matches the description but feels ordinary.,neutral
The USB-C hub has both good and bad aspects.,neutral
The webcam takes some time to get used to.,neutral
The laptop stand the performance is excellent.,positive
The Bluetooth speaker setup was confusing and frustrating.,negative
The wireless earbuds shipping was quick and the product arrived safely.,positive
The gaming mouse the experience is mixed so far.,neutral
The portable SSD I regret buying this product.,negative
The fitness tracker the experience is mixed so far.,neutral
The laptop stand everything works without issues.,positive
The power bank matches the description but feels ordinary.,neutral
The USB-C hub matches the description but feels ordinary.,neutral
The smartphone case feels premium and reliable.,positive
The desk lamp it has been a great purchase.,positive
The Bluetooth speaker I regret buying this product.,negative
The Bluetooth speaker feels cheap and fragile.,negative
The fitness tracker is an average product overall.,neutral
The laptop stand matches the description but feels ordinary.,neutral
The gaming mouse takes some time to get used to.,neutral
The mechanical keyboard has both good and bad aspects.,neutral
The portable SSD sound quality is distorted.,negative
The smartphone case the design is practical and sturdy.,positive
The smartphone case the buttons feel loose and unresponsive.,negative
The wireless earbuds works exactly as described.,positive
The Bluetooth speaker stopped working after a few days.,negative
The portable SSD has poor build quality.,negative
The Bluetooth speaker shipping was late and the package arrived damaged.,negative
The smartphone case the experience is mixed so far.,neutral
The Bluetooth speaker the value for money is excellent.,positive
The Bluetooth speaker is slow and unreliable.,negative
The Bluetooth speaker the value for money is poor.,negative
The gaming mouse has excellent build quality.,positive
The webcam feels cheap and fragile.,negative
The smartphone case has poor build quality.,negative
The mechanical keyboard takes some time to get used to.,neutral
The wireless earbuds is fast and responsive.,positive
The mechanical keyboard shipping was quick and the product arrived safely.,positive
The webcam the performance is disappointing.,negative
The power bank the buttons feel solid and responsive.,positive
The laptop stand the buttons feel solid and responsive.,positive
The wireless earbuds sound quality is clear and balanced.,positive
The wireless earbuds matches the description but feels ordinary.,neutral
The webcam it was a waste of money.,negative
The webcam the value for money is poor.,negative
The portable SSD setup was confusing and frustrating.,negative
The USB-C hub is an average product overall.,neutral
The portable SSD feels cheap and fragile.,negative
The laptop stand is an average product overall.,neutral
The webcam the value for money is excellent.,positive
The smartphone case it keeps disconnecting.,negative
The smartphone case is slow and unreliable.,negative
The portable SSD the value for money is excellent.,positive
The webcam the buttons feel loose and unresponsive.,negative
The desk lamp works exactly as described.,positive
The portable SSD feels premium and reliable.,positive
The webcam is an average product overall.,neutral
The portable SSD the buttons feel loose and unresponsive.,negative
The USB-C hub the experience is mixed so far.,neutral
The wireless earbuds is an average product overall.,neutral
The portable SSD setup was quick and easy.,positive
The Bluetooth speaker takes some time to get used to.,neutral
The desk lamp has both good and bad aspects.,neutral
The fitness tracker it has been a great purchase.,positive
The laptop stand has excellent build quality.,positive
The mechanical keyboard is an average product overall.,neutral
The smartphone case feels cheap and fragile.,negative
The portable SSD has both good and bad aspects.,neutral
The smartphone case has both good and bad aspects.,neutral
The desk lamp is an average product overall.,neutral
The portable SSD the performance is disappointing.,negative
The webcam battery drains far too quickly.,negative
The power bank has both good and bad aspects.,neutral
The webcam stopped working after a few days.,negative
The USB-C hub takes some time to get used to.,neutral
The wireless earbuds takes some time to get used to.,neutral
The webcam is slow and unreliable.,negative
The Bluetooth speaker the experience is mixed so far.,neutral
The smartphone case takes some time to get used to.,neutral
The smartphone case the design is awkward and flimsy.,negative
The mechanical keyboard the experience is mixed so far.,neutral
The portable SSD shipping was late and the package arrived damaged.,negative
The mechanical keyboard matches the description but feels ordinary.,neutral
The Bluetooth speaker is an average product overall.,neutral
The wireless earbuds it has been a great purchase.,positive
The Bluetooth speaker has poor build quality.,negative
The webcam the experience is mixed so far.,neutral
The smartphone case setup was quick and easy.,positive
The USB-C hub everything works without issues.,positive
The desk lamp sound quality is clear and balanced.,positive
The fitness tracker is fast and responsive.,positive
The portable SSD is an average product overall.,neutral
The wireless earbuds has both good and bad aspects.,neutral
The portable SSD I am very happy with this purchase.,positive
The portable SSD the design is awkward and flimsy.,negative
The power bank has excellent build quality.,positive
The Bluetooth speaker the buttons feel loose and unresponsive.,negative
The USB-C hub the performance is excellent.,positive
The USB-C hub battery life is impressive.,positive
The gaming mouse the buttons feel solid and responsive.,positive
The USB-C hub the buttons feel solid and responsive.,positive
The smartphone case it was a waste of money.,negative
The smartphone case I regret buying this product.,negative
The webcam has both good and bad aspects.,neutral
The smartphone case stopped working after a few days.,negative
The Bluetooth speaker battery drains far too quickly.,negative
The desk lamp the experience is mixed so far.,neutral
The portable SSD the value for money is poor.,negative
The webcam it keeps disconnecting.,negative
The webcam the design is awkward and flimsy.,negative
The desk lamp is fast and responsive.,positive
The smartphone case matches the description but feels ordinary.,neutral
The Bluetooth speaker I am very happy with this purchase.,positive
The power bank the experience is mixed so far.,neutral
The smartphone case setup was confusing and frustrating.,negative
The portable SSD the experience is mixed so far.,neutral
The gaming mouse has both good and bad aspects.,neutral
The portable SSD matches the description but feels ordinary.,neutral
The portable SSD it keeps disconnecting.,negative
The wireless earbuds the experience is mixed so far.,neutral
The gaming mouse is an average product overall.,neutral
The gaming mouse battery life is impressive.,positive
